locationID,location,decimalLatitude,decimalLongitude
AB-01 Altamira de Biolley-01,9.00549542, -83.0090092
AV-02 Altamira de Volc치n,9.28438765, -83.4516672
AV-01 Altamira de Volc치n,9.28729506, -83.4602387
BI-01 Biolley,9.0231913, -83.0545614
BI-02 Biolley,9.03876183, -83.037795
BI-03 Biolley,9.03425048, -83.0413176
CB-01 Cabagra,9.13279284, -83.2036868
CB-03 Cabagra,9.12137815, -83.1557111
CH-03 Ch치nguena,8.91894041, -83.2067085
CH-01 Ch치nguena - Las Nubes,8.91168574, -83.163918
